{"iter": 5, "time": 2391.0210032463074, "train/loss": 6.171608926773072, "val/loss": 6.188209056854248, "_timestamp": 1716219875.7583852, "_runtime": 2398.151472091675, "_step": 5, "_wandb": {"runtime": 2398}}