{"iter": 16, "time": 6064.976624727249, "train/loss": 5.744010484695434, "val/loss": 5.8226237297058105, "_timestamp": 1716006509.3956385, "_runtime": 6074.727465391159, "_step": 16, "_wandb": {"runtime": 6197}}