{"iter": 19, "time": 15863.482120275497, "train/loss": 5.73328719329834, "val/loss": 5.772552013397217, "_timestamp": 1715991104.0277894, "_runtime": 15873.085632324219, "_step": 19, "_wandb": {"runtime": 15872}}