{"iter": 34, "time": 13176.254621982574, "train/loss": 4.575528911590576, "val/loss": 4.561704158782959, "_timestamp": 1716076758.9754553, "_runtime": 13183.089109182358, "_step": 34