{"iter": 0, "time": 696.9876835346222, "train/loss": NaN, "val/loss": 4.92015266418457, "_timestamp": 1716182355.2579026, "_runtime": 719.257310628891, "_step": 0}