{"iter": 9, "time": 1.1985803951819738, "train/loss": 6.008425689697265, "val/loss": 6.037168979644775, "_timestamp": 1728603615.9170828, "_runtime": 4325.488598823547, "_step": 9}