{"iter": 61, "time": 25347.591262817383, "train/loss": 2.455793982028961, "val/loss": 2.353280782699585, "_timestamp": 1716246710.4571815, "_runtime": 25354.29420733452, "_step": 61, "_wandb": {"runtime": 25511}}