{"iter": 9, "time": 0.9889688939518398, "train/loss": 5.996351181030273, "val/loss": 6.061418056488037, "_timestamp": 1716250503.3312263, "_runtime": 3579.374294281006, "_step": 9, "_wandb": {"runtime": 3618}}